"Sharukh Khan","Motivation","Success is not a destination, it's a journey."  
"Sharukh Khan","Success","Success is not just about making money, it's about making a difference."  
"Sharukh Khan","Belief","Believe in yourself and all that you are. Know that there is something inside you that is greater than any obstacle."  
"Sharukh Khan","Life Philosophy","Life is too short to live with regrets. Live each day to the fullest and make the most of every opportunity."  
"Sharukh Khan","Humor","I don't need a superhero costume, I have my charm."  
"Sharukh Khan","Individuality","I don't want to be a superstar, I want to be a legend."  
"Sharukh Khan","Character Building","Challenges are what make life interesting and overcoming them is what makes life meaningful."  
"Sharukh Khan","Health","Take care of your body, it's the only place you have to live."  
"Sharukh Khan","Wealth","Money is not everything, it's just a means to an end. The real wealth is in the relationships we build and the impact we make."  
"Sharukh Khan","Service","Helping others is not just a responsibility, it's a privilege."  
"Sharukh Khan","Misunderstanding","I believe in love and equality for all, regardless of gender or sexual orientation."  
"Sharukh Khan","Personal Life","My family is my strength and my biggest source of happiness."  
"Sharukh Khan","Determination","Success is not determined by how many times you fall, but by how many times you get back up."  
"Sharukh Khan","Humor","I'm not a doctor, but I can give you a dose of laughter."  
"Sharukh Khan","Perseverance","Never give up on your dreams, no matter how impossible they may seem."  
"Sharukh Khan","Future Vision","The future belongs to those who believe in the beauty of their dreams."  
"Sharukh Khan","Loss","Loss is a part of life, but it's how we deal with it that defines us."  
"Sharukh Khan","Self-awareness","I know I'm not perfect, but I'm always striving to be a better version of myself."  
"Sharukh Khan","Political Commentary","I believe in the power of democracy and the importance of active citizenship."  
"Sharukh Khan","Political Courage","Speaking up for what is right is not always easy, but it is necessary."  
"Sharukh Khan","Professionalism","I believe in giving my best in everything I do, whether it's acting or any other aspect of my life."  
"Sharukh Khan","Body Positivity","Beauty is not defined by size or shape, it's about being comfortable in your own skin."  
"Sharukh Khan","Iconic Movie Line","Don't underestimate the power of a common man."