"Name","Context","Quote"
"Narendra Modi","Leadership","A leader is one who knows the way, goes the way, and shows the way."
"Narendra Modi","Development","Development is not about factories, dams, and roads. Development is about people."
"Narendra Modi","Innovation","Innovation is the key determinant of economic growth and social welfare."
"Narendra Modi","Unity","The power of 125 crore Indians is with each and every Indian. I am confident that India will develop and prosper."
"Narendra Modi","Digital India","Technology is a gift of God. After the gift of life, it is perhaps the greatest of God's gifts. It is the mother of civilizations, of arts and of sciences."
"Narendra Modi","Education","Education is not just about going to school and getting a degree. It's about widening your knowledge and absorbing the truth about life."
"Narendra Modi","Youth","The youth of India have the ability to transform the nation. They have the capability to bring about change."
"Narendra Modi","Empowerment","Empowerment of the poor and the marginalized is a key priority for me."
"Narendra Modi","Inclusivity","Sabka Saath, Sabka Vikas (Together with all, Development for all)"
"Narendra Modi","Corruption","We have to bring about a corruption-free society. It is not enough to just fight corruption; we have to create a system that is corruption-free."
"Narendra Modi","Environment","The Earth does not belong to us: we belong to the Earth."
"Narendra Modi","Women Empowerment","Women empowerment is vital to India's development."
"Narendra Modi","Healthcare","Good health is the foundation of all achievements."
"Narendra Modi","Global Relations","India's relations with the world are not just about economic interests. They are driven by the values of humanism, democracy, and inclusiveness."
"Narendra Modi","National Security","National security is the topmost priority for any government."
"Narendra Modi","Inspirational","Hard work never brings fatigue. It brings satisfaction."
"Narendra Modi","Unity in Diversity","India is a land of diversity. This diversity is our pride and strength."
"Narendra Modi","Inclusive Growth","Our aim is to create a just society where nobody is left behind."
"Narendra Modi","Digital Transformation","Digital technology is transforming the way we live, work, and communicate."
"Narendra Modi","Clean India","Swachh Bharat Abhiyan (Clean India Campaign) is not just about cleanliness; it is about creating a sense of responsibility towards our nation."
"Narendra Modi","Economic Reforms","Reform, perform, and transform is our mantra for India's progress."
"Narendra Modi","Nation Building","Every citizen of India is a nation builder."
"Narendra Modi","Peace","Peace, unity, and harmony are essential for the progress of any nation."
"Narendra Modi","Inclusive Governance","My government is committed to inclusive governance, where every citizen's voice is heard and considered."
"Narendra Modi","Technology","Technology is a great enabler and has the potential to transform lives."
"Narendra Modi","Youth Empowerment","The youth of India are not just the future; they are the present and the driving force behind our nation's progress."
"Narendra Modi","Education for All","Education is the most powerful weapon which you can use to change the world."
"Narendra Modi","Entrepreneurship","Entrepreneurship is not just about starting a business; it is about creating opportunities and driving innovation."
"Narendra Modi","Social Welfare","The measure of a government's success is not just economic growth but also the well-being of its citizens."
"Narendra Modi","Inclusive Development","Development that is not inclusive is not sustainable."
"Narendra Modi","Environmental Conservation","We have a collective responsibility to protect and preserve our environment for future generations."
"Narendra Modi","Digital Empowerment","Digital empowerment is about using technology to bridge the digital divide and empower every citizen."
"Narendra Modi","Nation First","The nation is bigger than any individual or political party. Our focus should always be on the nation's progress and welfare."
"Narendra Modi","Innovation in Governance","Innovation is the key to effective governance and efficient delivery of services."
"Narendra Modi","Women's Safety","Ensuring the safety and security of women is a top priority for my government."
"Narendra Modi","Skill Development","Skill development is essential for the youth to be job-ready and contribute to the nation's growth."
"Narendra Modi","Clean Energy","Clean energy is the future. We must embrace renewable sources and reduce our dependence on fossil fuels."
"Narendra Modi","Digital Revolution","The digital revolution is transforming India and creating new opportunities for all."
"Narendra Modi","Inclusive Healthcare","Healthcare should be accessible and affordable for all sections of society."
"Narendra Modi","National Pride","Let us work together to make India a proud and prosperous nation."
"Narendra Modi","Global Leadership","India has the potential to be a global leader in various fields. Let us harness this potential and make India shine on the world stage."